[{"c":"Phường Nha Trang","p":"Tỉnh Khánh Hòa","a":"ntkh","s":"phuong nha trang tinh khanh hoa"},{"c":"Phường Bắc Nha Trang","p":"Tỉnh Khánh Hòa","a":"bntkh","s":"phuong bac nha trang tinh khanh hoa"},{"c":"Phường Tây Nha Trang","p":"Tỉnh Khánh Hòa","a":"tntkh","s":"phuong tay nha trang tinh khanh hoa"},{"c":"Phường Nam Nha Trang","p":"Tỉnh Khánh Hòa","a":"nntkh","s":"phuong nam nha trang tinh khanh hoa"},{"c":"Phường Bắc Cam Ranh","p":"Tỉnh Khánh Hòa","a":"bcrkh","s":"phuong bac cam ranh tinh khanh hoa"},{"c":"Phường Cam Ranh","p":"Tỉnh Khánh Hòa","a":"crkh","s":"phuong cam ranh tinh khanh hoa"},{"c":"Phường Cam Linh","p":"Tỉnh Khánh Hòa","a":"clkh","s":"phuong cam linh tinh khanh hoa"},{"c":"Phường Ba Ngòi","p":"Tỉnh Khánh Hòa","a":"bnkh","s":"phuong ba ngoi tinh khanh hoa"},{"c":"Xã Nam Cam Ranh","p":"Tỉnh Khánh Hòa","a":"ncrkh","s":"xa nam cam ranh tinh khanh hoa"},{"c":"Xã Bắc Ninh Hoà","p":"Tỉnh Khánh Hòa","a":"bnhkh","s":"xa bac ninh hoa tinh khanh hoa"},{"c":"Phường Ninh Hoà","p":"Tỉnh Khánh Hòa","a":"nhkh","s":"phuong ninh hoa tinh khanh hoa"},{"c":"Xã Tân Định","p":"Tỉnh Khánh Hòa","a":"tdkh","s":"xa tan dinh tinh khanh hoa"},{"c":"Phường Đông Ninh Hoà","p":"Tỉnh Khánh Hòa","a":"dnhkh","s":"phuong dong ninh hoa tinh khanh hoa"},{"c":"Phường Hoà Thắng","p":"Tỉnh Khánh Hòa","a":"htkh","s":"phuong hoa thang tinh khanh hoa"},{"c":"Xã Nam Ninh Hoà","p":"Tỉnh Khánh Hòa","a":"nnhkh","s":"xa nam ninh hoa tinh khanh hoa"},{"c":"Xã Tây Ninh Hoà","p":"Tỉnh Khánh Hòa","a":"tnhkh","s":"xa tay ninh hoa tinh khanh hoa"},{"c":"Xã Hoà Trí","p":"Tỉnh Khánh Hòa","a":"htkh","s":"xa hoa tri tinh khanh hoa"},{"c":"Xã Đại Lãnh","p":"Tỉnh Khánh Hòa","a":"dlkh","s":"xa dai lanh tinh khanh hoa"},{"c":"Xã Tu Bông","p":"Tỉnh Khánh Hòa","a":"tbkh","s":"xa tu bong tinh khanh hoa"},{"c":"Xã Vạn Thắng","p":"Tỉnh Khánh Hòa","a":"vtkh","s":"xa van thang tinh khanh hoa"},{"c":"Xã Vạn Ninh","p":"Tỉnh Khánh Hòa","a":"vnkh","s":"xa van ninh tinh khanh hoa"},{"c":"Xã Vạn Hưng","p":"Tỉnh Khánh Hòa","a":"vhkh","s":"xa van hung tinh khanh hoa"},{"c":"Xã Diên Khánh","p":"Tỉnh Khánh Hòa","a":"dkkh","s":"xa dien khanh tinh khanh hoa"},{"c":"Xã Diên Lạc","p":"Tỉnh Khánh Hòa","a":"dlkh","s":"xa dien lac tinh khanh hoa"},{"c":"Xã Diên Điền","p":"Tỉnh Khánh Hòa","a":"ddkh","s":"xa dien dien tinh khanh hoa"},{"c":"Xã Diên Lâm","p":"Tỉnh Khánh Hòa","a":"dlkh","s":"xa dien lam tinh khanh hoa"},{"c":"Xã Diên Thọ","p":"Tỉnh Khánh Hòa","a":"dtkh","s":"xa dien tho tinh khanh hoa"},{"c":"Xã Suối Hiệp","p":"Tỉnh Khánh Hòa","a":"shkh","s":"xa suoi hiep tinh khanh hoa"},{"c":"Xã Cam Lâm","p":"Tỉnh Khánh Hòa","a":"clkh","s":"xa cam lam tinh khanh hoa"},{"c":"Xã Suối Dầu","p":"Tỉnh Khánh Hòa","a":"sdkh","s":"xa suoi dau tinh khanh hoa"},{"c":"Xã Cam Hiệp","p":"Tỉnh Khánh Hòa","a":"chkh","s":"xa cam hiep tinh khanh hoa"},{"c":"Xã Cam An","p":"Tỉnh Khánh Hòa","a":"cakh","s":"xa cam an tinh khanh hoa"},{"c":"Xã Bắc Khánh Vĩnh","p":"Tỉnh Khánh Hòa","a":"bkvkh","s":"xa bac khanh vinh tinh khanh hoa"},{"c":"Xã Trung Khánh Vĩnh","p":"Tỉnh Khánh Hòa","a":"tkvkh","s":"xa trung khanh vinh tinh khanh hoa"},{"c":"Xã Tây Khánh Vĩnh","p":"Tỉnh Khánh Hòa","a":"tkvkh","s":"xa tay khanh vinh tinh khanh hoa"},{"c":"Xã Nam Khánh Vĩnh","p":"Tỉnh Khánh Hòa","a":"nkvkh","s":"xa nam khanh vinh tinh khanh hoa"},{"c":"Xã Khánh Vĩnh","p":"Tỉnh Khánh Hòa","a":"kvkh","s":"xa khanh vinh tinh khanh hoa"},{"c":"Xã Khánh Sơn","p":"Tỉnh Khánh Hòa","a":"kskh","s":"xa khanh son tinh khanh hoa"},{"c":"Xã Tây Khánh Sơn","p":"Tỉnh Khánh Hòa","a":"tkskh","s":"xa tay khanh son tinh khanh hoa"},{"c":"Xã Đông Khánh Sơn","p":"Tỉnh Khánh Hòa","a":"dkskh","s":"xa dong khanh son tinh khanh hoa"},{"c":"Đặc khu Trường Sa","p":"Tỉnh Khánh Hòa","a":"tskh","s":"dac khu truong sa tinh khanh hoa"},{"c":"Phường Phan Rang","p":"Tỉnh Khánh Hòa","a":"prkh","s":"phuong phan rang tinh khanh hoa"},{"c":"Phường Đông Hải","p":"Tỉnh Khánh Hòa","a":"dhkh","s":"phuong dong hai tinh khanh hoa"},{"c":"Phường Ninh Chử","p":"Tỉnh Khánh Hòa","a":"nckh","s":"phuong ninh chu tinh khanh hoa"},{"c":"Phường Bảo An","p":"Tỉnh Khánh Hòa","a":"bakh","s":"phuong bao an tinh khanh hoa"},{"c":"Phường Đô Vinh","p":"Tỉnh Khánh Hòa","a":"dvkh","s":"phuong do vinh tinh khanh hoa"},{"c":"Xã Ninh Phước","p":"Tỉnh Khánh Hòa","a":"npkh","s":"xa ninh phuoc tinh khanh hoa"},{"c":"Xã Phước Hữu","p":"Tỉnh Khánh Hòa","a":"phkh","s":"xa phuoc huu tinh khanh hoa"},{"c":"Xã Phước Hậu","p":"Tỉnh Khánh Hòa","a":"phkh","s":"xa phuoc hau tinh khanh hoa"},{"c":"Xã Thuận Nam","p":"Tỉnh Khánh Hòa","a":"tnkh","s":"xa thuan nam tinh khanh hoa"},{"c":"Xã Cà Ná","p":"Tỉnh Khánh Hòa","a":"cnkh","s":"xa ca na tinh khanh hoa"},{"c":"Xã Phước Hà","p":"Tỉnh Khánh Hòa","a":"phkh","s":"xa phuoc ha tinh khanh hoa"},{"c":"Xã Phước Dinh","p":"Tỉnh Khánh Hòa","a":"pdkh","s":"xa phuoc dinh tinh khanh hoa"},{"c":"Xã Ninh Hải","p":"Tỉnh Khánh Hòa","a":"nhkh","s":"xa ninh hai tinh khanh hoa"},{"c":"Xã Xuân Hải","p":"Tỉnh Khánh Hòa","a":"xhkh","s":"xa xuan hai tinh khanh hoa"},{"c":"Xã Vĩnh Hải","p":"Tỉnh Khánh Hòa","a":"vhkh","s":"xa vinh hai tinh khanh hoa"},{"c":"Xã Thuận Bắc","p":"Tỉnh Khánh Hòa","a":"tbkh","s":"xa thuan bac tinh khanh hoa"},{"c":"Xã Công Hải","p":"Tỉnh Khánh Hòa","a":"chkh","s":"xa cong hai tinh khanh hoa"},{"c":"Xã Ninh Sơn","p":"Tỉnh Khánh Hòa","a":"nskh","s":"xa ninh son tinh khanh hoa"},{"c":"Xã Lâm Sơn","p":"Tỉnh Khánh Hòa","a":"lskh","s":"xa lam son tinh khanh hoa"},{"c":"Xã Anh Dũng","p":"Tỉnh Khánh Hòa","a":"adkh","s":"xa anh dung tinh khanh hoa"},{"c":"Xã Mỹ Sơn","p":"Tỉnh Khánh Hòa","a":"mskh","s":"xa my son tinh khanh hoa"},{"c":"Xã Bác Ái Đông","p":"Tỉnh Khánh Hòa","a":"badkh","s":"xa bac ai dong tinh khanh hoa"},{"c":"Xã Bác Ái","p":"Tỉnh Khánh Hòa","a":"bakh","s":"xa bac ai tinh khanh hoa"},{"c":"Xã Bác Ái Tây","p":"Tỉnh Khánh Hòa","a":"batkh","s":"xa bac ai tay tinh khanh hoa"},{"c":"Phường Quy Nhơn","p":"Tỉnh Gia Lai","a":"qngl","s":"phuong quy nhon tinh gia lai"},{"c":"Phường Quy Nhơn Đông","p":"Tỉnh Gia Lai","a":"qndgl","s":"phuong quy nhon dong tinh gia lai"},{"c":"Phường Quy Nhơn Tây","p":"Tỉnh Gia Lai","a":"qntgl","s":"phuong quy nhon tay tinh gia lai"},{"c":"Phường Quy Nhơn Nam","p":"Tỉnh Gia Lai","a":"qnngl","s":"phuong quy nhon nam tinh gia lai"},{"c":"Phường Quy Nhơn Bắc","p":"Tỉnh Gia Lai","a":"qnbgl","s":"phuong quy nhon bac tinh gia lai"},{"c":"Phường Bình Định","p":"Tỉnh Gia Lai","a":"bdgl","s":"phuong binh dinh tinh gia lai"},{"c":"Phường An Nhơn","p":"Tỉnh Gia Lai","a":"angl","s":"phuong an nhon tinh gia lai"},{"c":"Phường An Nhơn Đông","p":"Tỉnh Gia Lai","a":"andgl","s":"phuong an nhon dong tinh gia lai"},{"c":"Phường An Nhơn Nam","p":"Tỉnh Gia Lai","a":"anngl","s":"phuong an nhon nam tinh gia lai"},{"c":"Phường An Nhơn Bắc","p":"Tỉnh Gia Lai","a":"anbgl","s":"phuong an nhon bac tinh gia lai"},{"c":"Xã An Nhơn Tây","p":"Tỉnh Gia Lai","a":"antgl","s":"xa an nhon tay tinh gia lai"},{"c":"Phường Bồng Sơn","p":"Tỉnh Gia Lai","a":"bsgl","s":"phuong bong son tinh gia lai"},{"c":"Phường Hoài Nhơn","p":"Tỉnh Gia Lai","a":"hngl","s":"phuong hoai nhon tinh gia lai"},{"c":"Phường Tam Quan","p":"Tỉnh Gia Lai","a":"tqgl","s":"phuong tam quan tinh gia lai"},{"c":"Phường Hoài Nhơn Đông","p":"Tỉnh Gia Lai","a":"hndgl","s":"phuong hoai nhon dong tinh gia lai"},{"c":"Phường Hoài Nhơn Tây","p":"Tỉnh Gia Lai","a":"hntgl","s":"phuong hoai nhon tay tinh gia lai"},{"c":"Phường Hoài Nhơn Nam","p":"Tỉnh Gia Lai","a":"hnngl","s":"phuong hoai nhon nam tinh gia lai"},{"c":"Phường Hoài Nhơn Bắc","p":"Tỉnh Gia Lai","a":"hnbgl","s":"phuong hoai nhon bac tinh gia lai"},{"c":"Xã Phù Cát","p":"Tỉnh Gia Lai","a":"pcgl","s":"xa phu cat tinh gia lai"},{"c":"Xã Xuân An","p":"Tỉnh Gia Lai","a":"xagl","s":"xa xuan an tinh gia lai"},{"c":"Xã Ngô Mây","p":"Tỉnh Gia Lai","a":"nmgl","s":"xa ngo may tinh gia lai"},{"c":"Xã Cát Tiến","p":"Tỉnh Gia Lai","a":"ctgl","s":"xa cat tien tinh gia lai"},{"c":"Xã Đề Gi","p":"Tỉnh Gia Lai","a":"dggl","s":"xa de gi tinh gia lai"},{"c":"Xã Hoà Hội","p":"Tỉnh Gia Lai","a":"hhgl","s":"xa hoa hoi tinh gia lai"},{"c":"Xã Hội Sơn","p":"Tỉnh Gia Lai","a":"hsgl","s":"xa hoi son tinh gia lai"},{"c":"Xã Phù Mỹ","p":"Tỉnh Gia Lai","a":"pmgl","s":"xa phu my tinh gia lai"},{"c":"Xã An Lương","p":"Tỉnh Gia Lai","a":"algl","s":"xa an luong tinh gia lai"},{"c":"Xã Bình Dương","p":"Tỉnh Gia Lai","a":"bdgl","s":"xa binh duong tinh gia lai"},{"c":"Xã Phù Mỹ Đông","p":"Tỉnh Gia Lai","a":"pmdgl","s":"xa phu my dong tinh gia lai"},{"c":"Xã Phù Mỹ Tây","p":"Tỉnh Gia Lai","a":"pmtgl","s":"xa phu my tay tinh gia lai"},{"c":"Xã Phù Mỹ Nam","p":"Tỉnh Gia Lai","a":"pmngl","s":"xa phu my nam tinh gia lai"},{"c":"Xã Phù Mỹ Bắc","p":"Tỉnh Gia Lai","a":"pmbgl","s":"xa phu my bac tinh gia lai"},{"c":"Xã Tuy Phước","p":"Tỉnh Gia Lai","a":"tpgl","s":"xa tuy phuoc tinh gia lai"},{"c":"Xã Tuy Phước Đông","p":"Tỉnh Gia Lai","a":"tpdgl","s":"xa tuy phuoc dong tinh gia lai"},{"c":"Xã Tuy Phước Tây","p":"Tỉnh Gia Lai","a":"tptgl","s":"xa tuy phuoc tay tinh gia lai"},{"c":"Xã Tuy Phước Bắc","p":"Tỉnh Gia Lai","a":"tpbgl","s":"xa tuy phuoc bac tinh gia lai"},{"c":"Xã Tây Sơn","p":"Tỉnh Gia Lai","a":"tsgl","s":"xa tay son tinh gia lai"},{"c":"Xã Bình Khê","p":"Tỉnh Gia Lai","a":"bkgl","s":"xa binh khe tinh gia lai"},{"c":"Xã Bình Phú","p":"Tỉnh Gia Lai","a":"bpgl","s":"xa binh phu tinh gia lai"},{"c":"Xã Bình Hiệp","p":"Tỉnh Gia Lai","a":"bhgl","s":"xa binh hiep tinh gia lai"},{"c":"Xã Bình An","p":"Tỉnh Gia Lai","a":"bagl","s":"xa binh an tinh gia lai"},{"c":"Xã Hoài Ân","p":"Tỉnh Gia Lai","a":"hagl","s":"xa hoai an tinh gia lai"},{"c":"Xã Ân Tường","p":"Tỉnh Gia Lai","a":"atgl","s":"xa an tuong tinh gia lai"},{"c":"Xã Kim Sơn","p":"Tỉnh Gia Lai","a":"ksgl","s":"xa kim son tinh gia lai"},{"c":"Xã Vạn Đức","p":"Tỉnh Gia Lai","a":"vdgl","s":"xa van duc tinh gia lai"},{"c":"Xã Ân Hảo","p":"Tỉnh Gia Lai","a":"ahgl","s":"xa an hao tinh gia lai"},{"c":"Xã Vân Canh","p":"Tỉnh Gia Lai","a":"vcgl","s":"xa van canh tinh gia lai"},{"c":"Xã Canh Vinh","p":"Tỉnh Gia Lai","a":"cvgl","s":"xa canh vinh tinh gia lai"},{"c":"Xã Canh Liên","p":"Tỉnh Gia Lai","a":"clgl","s":"xa canh lien tinh gia lai"},{"c":"Xã Vĩnh Thạnh","p":"Tỉnh Gia Lai","a":"vtgl","s":"xa vinh thanh tinh gia lai"},{"c":"Xã Vĩnh Thịnh","p":"Tỉnh Gia Lai","a":"vtgl","s":"xa vinh thinh tinh gia lai"},{"c":"Xã Vĩnh Quang","p":"Tỉnh Gia Lai","a":"vqgl","s":"xa vinh quang tinh gia lai"},{"c":"Xã Vĩnh Sơn","p":"Tỉnh Gia Lai","a":"vsgl","s":"xa vinh son tinh gia lai"},{"c":"Xã An Hoà","p":"Tỉnh Gia Lai","a":"ahgl","s":"xa an hoa tinh gia lai"},{"c":"Xã An Lão","p":"Tỉnh Gia Lai","a":"algl","s":"xa an lao tinh gia lai"},{"c":"Xã An Vinh","p":"Tỉnh Gia Lai","a":"avgl","s":"xa an vinh tinh gia lai"},{"c":"Xã An Toàn","p":"Tỉnh Gia Lai","a":"atgl","s":"xa an toan tinh gia lai"},{"c":"Phường Pleiku","p":"Tỉnh Gia Lai","a":"pgl","s":"phuong pleiku tinh gia lai"},{"c":"Phường Hội Phú","p":"Tỉnh Gia Lai","a":"hpgl","s":"phuong hoi phu tinh gia lai"},{"c":"Phường Thống Nhất","p":"Tỉnh Gia Lai","a":"tngl","s":"phuong thong nhat tinh gia lai"},{"c":"Phường Diên Hồng","p":"Tỉnh Gia Lai","a":"dhgl","s":"phuong dien hong tinh gia lai"},{"c":"Phường An Phú","p":"Tỉnh Gia Lai","a":"apgl","s":"phuong an phu tinh gia lai"},{"c":"Xã Biển Hồ","p":"Tỉnh Gia Lai","a":"bhgl","s":"xa bien ho tinh gia lai"},{"c":"Xã Gào","p":"Tỉnh Gia Lai","a":"ggl","s":"xa gao tinh gia lai"},{"c":"Xã Ia Ly","p":"Tỉnh Gia Lai","a":"ilgl","s":"xa ia ly tinh gia lai"},{"c":"Xã Chư Păh","p":"Tỉnh Gia Lai","a":"cpgl","s":"xa chu pah tinh gia lai"},{"c":"Xã Ia Khươl","p":"Tỉnh Gia Lai","a":"ikgl","s":"xa ia khuol tinh gia lai"},{"c":"Xã Ia Phí","p":"Tỉnh Gia Lai","a":"ipgl","s":"xa ia phi tinh gia lai"},{"c":"Xã Chư Prông","p":"Tỉnh Gia Lai","a":"cpgl","s":"xa chu prong tinh gia lai"},{"c":"Xã Bàu Cạn","p":"Tỉnh Gia Lai","a":"bcgl","s":"xa bau can tinh gia lai"},{"c":"Xã Ia Boòng","p":"Tỉnh Gia Lai","a":"ibgl","s":"xa ia boong tinh gia lai"},{"c":"Xã Ia Lâu","p":"Tỉnh Gia Lai","a":"ilgl","s":"xa ia lau tinh gia lai"},{"c":"Xã Ia Pia","p":"Tỉnh Gia Lai","a":"ipgl","s":"xa ia pia tinh gia lai"},{"c":"Xã Ia Tôr","p":"Tỉnh Gia Lai","a":"itgl","s":"xa ia tor tinh gia lai"},{"c":"Xã Chư Sê","p":"Tỉnh Gia Lai","a":"csgl","s":"xa chu se tinh gia lai"},{"c":"Xã Bờ Ngoong","p":"Tỉnh Gia Lai","a":"bngl","s":"xa bo ngoong tinh gia lai"},{"c":"Xã Ia Ko","p":"Tỉnh Gia Lai","a":"ikgl","s":"xa ia ko tinh gia lai"},{"c":"Xã Albá","p":"Tỉnh Gia Lai","a":"agl","s":"xa alba tinh gia lai"},{"c":"Xã Chư Pưh","p":"Tỉnh Gia Lai","a":"cpgl","s":"xa chu puh tinh gia lai"},{"c":"Xã Ia Le","p":"Tỉnh Gia Lai","a":"ilgl","s":"xa ia le tinh gia lai"},{"c":"Xã Ia Hrú","p":"Tỉnh Gia Lai","a":"ihgl","s":"xa ia hru tinh gia lai"},{"c":"Phường An Khê","p":"Tỉnh Gia Lai","a":"akgl","s":"phuong an khe tinh gia lai"},{"c":"Phường An Bình","p":"Tỉnh Gia Lai","a":"abgl","s":"phuong an binh tinh gia lai"},{"c":"Xã Cửu An","p":"Tỉnh Gia Lai","a":"cagl","s":"xa cuu an tinh gia lai"},{"c":"Xã Đak Pơ","p":"Tỉnh Gia Lai","a":"dpgl","s":"xa dak po tinh gia lai"},{"c":"Xã Ya Hội","p":"Tỉnh Gia Lai","a":"yhgl","s":"xa ya hoi tinh gia lai"},{"c":"Xã Kbang","p":"Tỉnh Gia Lai","a":"kgl","s":"xa kbang tinh gia lai"},{"c":"Xã Kông Bơ La","p":"Tỉnh Gia Lai","a":"kblgl","s":"xa kong bo la tinh gia lai"},{"c":"Xã Tơ Tung","p":"Tỉnh Gia Lai","a":"ttgl","s":"xa to tung tinh gia lai"},{"c":"Xã Sơn Lang","p":"Tỉnh Gia Lai","a":"slgl","s":"xa son lang tinh gia lai"},{"c":"Xã Đak Rong","p":"Tỉnh Gia Lai","a":"drgl","s":"xa dak rong tinh gia lai"},{"c":"Xã Kông Chro","p":"Tỉnh Gia Lai","a":"kcgl","s":"xa kong chro tinh gia lai"},{"c":"Xã Ya Ma","p":"Tỉnh Gia Lai","a":"ymgl","s":"xa ya ma tinh gia lai"},{"c":"Xã Chư Krey","p":"Tỉnh Gia Lai","a":"ckgl","s":"xa chu krey tinh gia lai"},{"c":"Xã SRó","p":"Tỉnh Gia Lai","a":"sgl","s":"xa sro tinh gia lai"},{"c":"Xã Đăk Song","p":"Tỉnh Gia Lai","a":"dsgl","s":"xa dak song tinh gia lai"},{"c":"Xã Chơ Long","p":"Tỉnh Gia Lai","a":"clgl","s":"xa cho long tinh gia lai"},{"c":"Phường Ayun Pa","p":"Tỉnh Gia Lai","a":"apgl","s":"phuong ayun pa tinh gia lai"},{"c":"Xã Ia Rbol","p":"Tỉnh Gia Lai","a":"irgl","s":"xa ia rbol tinh gia lai"},{"c":"Xã Ia Sao","p":"Tỉnh Gia Lai","a":"isgl","s":"xa ia sao tinh gia lai"},{"c":"Xã Phú Thiện","p":"Tỉnh Gia Lai","a":"ptgl","s":"xa phu thien tinh gia lai"},{"c":"Xã Chư A Thai","p":"Tỉnh Gia Lai","a":"catgl","s":"xa chu a thai tinh gia lai"},{"c":"Xã Ia Hiao","p":"Tỉnh Gia Lai","a":"ihgl","s":"xa ia hiao tinh gia lai"},{"c":"Xã Pờ Tó","p":"Tỉnh Gia Lai","a":"ptgl","s":"xa po to tinh gia lai"},{"c":"Xã Ia Pa","p":"Tỉnh Gia Lai","a":"ipgl","s":"xa ia pa tinh gia lai"},{"c":"Xã Ia Tul","p":"Tỉnh Gia Lai","a":"itgl","s":"xa ia tul tinh gia lai"},{"c":"Xã Phú Túc","p":"Tỉnh Gia Lai","a":"ptgl","s":"xa phu tuc tinh gia lai"},{"c":"Xã Ia Dreh","p":"Tỉnh Gia Lai","a":"idgl","s":"xa ia dreh tinh gia lai"},{"c":"Xã Ia Rsai","p":"Tỉnh Gia Lai","a":"irgl","s":"xa ia rsai tinh gia lai"},{"c":"Xã Uar","p":"Tỉnh Gia Lai","a":"ugl","s":"xa uar tinh gia lai"},{"c":"Xã Đak Đoa","p":"Tỉnh Gia Lai","a":"ddgl","s":"xa dak doa tinh gia lai"},{"c":"Xã Kon Gang","p":"Tỉnh Gia Lai","a":"kggl","s":"xa kon gang tinh gia lai"},{"c":"Xã Ia Băng","p":"Tỉnh Gia Lai","a":"ibgl","s":"xa ia bang tinh gia lai"},{"c":"Xã KDang","p":"Tỉnh Gia Lai","a":"kgl","s":"xa kdang tinh gia lai"},{"c":"Xã Đak Sơmei","p":"Tỉnh Gia Lai","a":"dsgl","s":"xa dak somei tinh gia lai"},{"c":"Xã Mang Yang","p":"Tỉnh Gia Lai","a":"mygl","s":"xa mang yang tinh gia lai"},{"c":"Xã Lơ Pang","p":"Tỉnh Gia Lai","a":"lpgl","s":"xa lo pang tinh gia lai"},{"c":"Xã Kon Chiêng","p":"Tỉnh Gia Lai","a":"kcgl","s":"xa kon chieng tinh gia lai"},{"c":"Xã Hra","p":"Tỉnh Gia Lai","a":"hgl","s":"xa hra tinh gia lai"},{"c":"Xã Ayun","p":"Tỉnh Gia Lai","a":"agl","s":"xa ayun tinh gia lai"},{"c":"Xã Ia Grai","p":"Tỉnh Gia Lai","a":"iggl","s":"xa ia grai tinh gia lai"},{"c":"Xã Ia Krái","p":"Tỉnh Gia Lai","a":"ikgl","s":"xa ia krai tinh gia lai"},{"c":"Xã Ia Hrung","p":"Tỉnh Gia Lai","a":"ihgl","s":"xa ia hrung tinh gia lai"},{"c":"Xã Đức Cơ","p":"Tỉnh Gia Lai","a":"dcgl","s":"xa duc co tinh gia lai"},{"c":"Xã Ia Dơk","p":"Tỉnh Gia Lai","a":"idgl","s":"xa ia dok tinh gia lai"},{"c":"Xã Ia Krêl","p":"Tỉnh Gia Lai","a":"ikgl","s":"xa ia krel tinh gia lai"},{"c":"Xã Nhơn Châu","p":"Tỉnh Gia Lai","a":"ncgl","s":"xa nhon chau tinh gia lai"},{"c":"Xã Ia Púch","p":"Tỉnh Gia Lai","a":"ipgl","s":"xa ia puch tinh gia lai"},{"c":"Xã Ia Mơ","p":"Tỉnh Gia Lai","a":"imgl","s":"xa ia mo tinh gia lai"},{"c":"Xã Ia Pnôn","p":"Tỉnh Gia Lai","a":"ipgl","s":"xa ia pnon tinh gia lai"},{"c":"Xã Ia Nan","p":"Tỉnh Gia Lai","a":"ingl","s":"xa ia nan tinh gia lai"},{"c":"Xã Ia Dom","p":"Tỉnh Gia Lai","a":"idgl","s":"xa ia dom tinh gia lai"},{"c":"Xã Ia Chia","p":"Tỉnh Gia Lai","a":"icgl","s":"xa ia chia tinh gia lai"},{"c":"Xã Ia O","p":"Tỉnh Gia Lai","a":"iogl","s":"xa ia o tinh gia lai"},{"c":"Xã Krong","p":"Tỉnh Gia Lai","a":"kgl","s":"xa krong tinh gia lai"},{"c":"Xã Hoà Phú","p":"Tỉnh Đắk Lắk","a":"hpdl","s":"xa hoa phu tinh dak lak"},{"c":"Phường Buôn Ma Thuột","p":"Tỉnh Đắk Lắk","a":"bmtdl","s":"phuong buon ma thuot tinh dak lak"},{"c":"Phường Tân An","p":"Tỉnh Đắk Lắk","a":"tadl","s":"phuong tan an tinh dak lak"},{"c":"Phường Tân Lập","p":"Tỉnh Đắk Lắk","a":"tldl","s":"phuong tan lap tinh dak lak"},{"c":"Phường Thành Nhất","p":"Tỉnh Đắk Lắk","a":"tndl","s":"phuong thanh nhat tinh dak lak"},{"c":"Phường Ea Kao","p":"Tỉnh Đắk Lắk","a":"ekdl","s":"phuong ea kao tinh dak lak"},{"c":"Xã Ea Drông","p":"Tỉnh Đắk Lắk","a":"eddl","s":"xa ea drong tinh dak lak"},{"c":"Phường Buôn Hồ","p":"Tỉnh Đắk Lắk","a":"bhdl","s":"phuong buon ho tinh dak lak"},{"c":"Phường Cư Bao","p":"Tỉnh Đắk Lắk","a":"cbdl","s":"phuong cu bao tinh dak lak"},{"c":"Xã Ea Súp","p":"Tỉnh Đắk Lắk","a":"esdl","s":"xa ea sup tinh dak lak"},{"c":"Xã Ea Rốk","p":"Tỉnh Đắk Lắk","a":"erdl","s":"xa ea rok tinh dak lak"},{"c":"Xã Ea Bung","p":"Tỉnh Đắk Lắk","a":"ebdl","s":"xa ea bung tinh dak lak"},{"c":"Xã Ia Rvê","p":"Tỉnh Đắk Lắk","a":"irdl","s":"xa ia rve tinh dak lak"},{"c":"Xã Ia Lốp","p":"Tỉnh Đắk Lắk","a":"ildl","s":"xa ia lop tinh dak lak"},{"c":"Xã Ea Wer","p":"Tỉnh Đắk Lắk","a":"ewdl","s":"xa ea wer tinh dak lak"},{"c":"Xã Ea Nuôl","p":"Tỉnh Đắk Lắk","a":"endl","s":"xa ea nuol tinh dak lak"},{"c":"Xã Buôn Đôn","p":"Tỉnh Đắk Lắk","a":"bddl","s":"xa buon don tinh dak lak"},{"c":"Xã Ea Kiết","p":"Tỉnh Đắk Lắk","a":"ekdl","s":"xa ea kiet tinh dak lak"},{"c":"Xã Ea M’Droh","p":"Tỉnh Đắk Lắk","a":"emddl","s":"xa ea m’droh tinh dak lak"},{"c":"Xã Quảng Phú","p":"Tỉnh Đắk Lắk","a":"qpdl","s":"xa quang phu tinh dak lak"},{"c":"Xã Cuôr Đăng","p":"Tỉnh Đắk Lắk","a":"cddl","s":"xa cuor dang tinh dak lak"},{"c":"Xã Cư M’gar","p":"Tỉnh Đắk Lắk","a":"cmgdl","s":"xa cu m’gar tinh dak lak"},{"c":"Xã Ea Tul","p":"Tỉnh Đắk Lắk","a":"etdl","s":"xa ea tul tinh dak lak"},{"c":"Xã Pơng Drang","p":"Tỉnh Đắk Lắk","a":"pddl","s":"xa pong drang tinh dak lak"},{"c":"Xã Krông Búk","p":"Tỉnh Đắk Lắk","a":"kbdl","s":"xa krong buk tinh dak lak"},{"c":"Xã Cư Pơng","p":"Tỉnh Đắk Lắk","a":"cpdl","s":"xa cu pong tinh dak lak"},{"c":"Xã Ea Khăl","p":"Tỉnh Đắk Lắk","a":"ekdl","s":"xa ea khal tinh dak lak"},{"c":"Xã Ea Drăng","p":"Tỉnh Đắk Lắk","a":"eddl","s":"xa ea drang tinh dak lak"},{"c":"Xã Ea Wy","p":"Tỉnh Đắk Lắk","a":"ewdl","s":"xa ea wy tinh dak lak"},{"c":"Xã Ea H’leo","p":"Tỉnh Đắk Lắk","a":"ehldl","s":"xa ea h’leo tinh dak lak"},{"c":"Xã Ea Hiao","p":"Tỉnh Đắk Lắk","a":"ehdl","s":"xa ea hiao tinh dak lak"},{"c":"Xã Krông Năng","p":"Tỉnh Đắk Lắk","a":"kndl","s":"xa krong nang tinh dak lak"},{"c":"Xã Dliê Ya","p":"Tỉnh Đắk Lắk","a":"dydl","s":"xa dlie ya tinh dak lak"},{"c":"Xã Tam Giang","p":"Tỉnh Đắk Lắk","a":"tgdl","s":"xa tam giang tinh dak lak"},{"c":"Xã Phú Xuân","p":"Tỉnh Đắk Lắk","a":"pxdl","s":"xa phu xuan tinh dak lak"},{"c":"Xã Krông Pắc","p":"Tỉnh Đắk Lắk","a":"kpdl","s":"xa krong pac tinh dak lak"},{"c":"Xã Ea Knuếc","p":"Tỉnh Đắk Lắk","a":"ekdl","s":"xa ea knuec tinh dak lak"},{"c":"Xã Tân Tiến","p":"Tỉnh Đắk Lắk","a":"ttdl","s":"xa tan tien tinh dak lak"},{"c":"Xã Ea Phê","p":"Tỉnh Đắk Lắk","a":"epdl","s":"xa ea phe tinh dak lak"},{"c":"Xã Ea Kly","p":"Tỉnh Đắk Lắk","a":"ekdl","s":"xa ea kly tinh dak lak"},{"c":"Xã Vụ Bổn","p":"Tỉnh Đắk Lắk","a":"vbdl","s":"xa vu bon tinh dak lak"},{"c":"Xã Ea Kar","p":"Tỉnh Đắk Lắk","a":"ekdl","s":"xa ea kar tinh dak lak"},{"c":"Xã Ea Ô","p":"Tỉnh Đắk Lắk","a":"eodl","s":"xa ea o tinh dak lak"},{"c":"Xã Ea Knốp","p":"Tỉnh Đắk Lắk","a":"ekdl","s":"xa ea knop tinh dak lak"},{"c":"Xã Cư Yang","p":"Tỉnh Đắk Lắk","a":"cydl","s":"xa cu yang tinh dak lak"},{"c":"Xã Ea Păl","p":"Tỉnh Đắk Lắk","a":"epdl","s":"xa ea pal tinh dak lak"},{"c":"Xã M’Drắk","p":"Tỉnh Đắk Lắk","a":"mddl","s":"xa m’drak tinh dak lak"},{"c":"Xã Ea Riêng","p":"Tỉnh Đắk Lắk","a":"erdl","s":"xa ea rieng tinh dak lak"},{"c":"Xã Cư M’ta","p":"Tỉnh Đắk Lắk","a":"cmtdl","s":"xa cu m’ta tinh dak lak"},{"c":"Xã Krông Á","p":"Tỉnh Đắk Lắk","a":"kadl","s":"xa krong a tinh dak lak"},{"c":"Xã Cư Prao","p":"Tỉnh Đắk Lắk","a":"cpdl","s":"xa cu prao tinh dak lak"},{"c":"Xã Ea Trang","p":"Tỉnh Đắk Lắk","a":"etdl","s":"xa ea trang tinh dak lak"},{"c":"Xã Hoà Sơn","p":"Tỉnh Đắk Lắk","a":"hsdl","s":"xa hoa son tinh dak lak"},{"c":"Xã Dang Kang","p":"Tỉnh Đắk Lắk","a":"dkdl","s":"xa dang kang tinh dak lak"},{"c":"Xã Krông Bông","p":"Tỉnh Đắk Lắk","a":"kbdl","s":"xa krong bong tinh dak lak"},{"c":"Xã Yang Mao","p":"Tỉnh Đắk Lắk","a":"ymdl","s":"xa yang mao tinh dak lak"},{"c":"Xã Cư Pui","p":"Tỉnh Đắk Lắk","a":"cpdl","s":"xa cu pui tinh dak lak"},{"c":"Xã Liên Sơn Lắk","p":"Tỉnh Đắk Lắk","a":"lsldl","s":"xa lien son lak tinh dak lak"},{"c":"Xã Đắk Liêng","p":"Tỉnh Đắk Lắk","a":"dldl","s":"xa dak lieng tinh dak lak"},{"c":"Xã Nam Ka","p":"Tỉnh Đắk Lắk","a":"nkdl","s":"xa nam ka tinh dak lak"},{"c":"Xã Đắk Phơi","p":"Tỉnh Đắk Lắk","a":"dpdl","s":"xa dak phoi tinh dak lak"},{"c":"Xã Krông Nô","p":"Tỉnh Đắk Lắk","a":"kndl","s":"xa krong no tinh dak lak"},{"c":"Xã Ea Ning","p":"Tỉnh Đắk Lắk","a":"endl","s":"xa ea ning tinh dak lak"},{"c":"Xã Dray Bhăng","p":"Tỉnh Đắk Lắk","a":"dbdl","s":"xa dray bhang tinh dak lak"},{"c":"Xã Ea Ktur","p":"Tỉnh Đắk Lắk","a":"ekdl","s":"xa ea ktur tinh dak lak"},{"c":"Xã Krông Ana","p":"Tỉnh Đắk Lắk","a":"kadl","s":"xa krong ana tinh dak lak"},{"c":"Xã Dur Kmăl","p":"Tỉnh Đắk Lắk","a":"dkdl","s":"xa dur kmal tinh dak lak"},{"c":"Xã Ea Na","p":"Tỉnh Đắk Lắk","a":"endl","s":"xa ea na tinh dak lak"},{"c":"Phường Tuy Hòa","p":"Tỉnh Đắk Lắk","a":"thdl","s":"phuong tuy hoa tinh dak lak"},{"c":"Phường Phú Yên","p":"Tỉnh Đắk Lắk","a":"pydl","s":"phuong phu yen tinh dak lak"},{"c":"Phường Bình Kiến","p":"Tỉnh Đắk Lắk","a":"bkdl","s":"phuong binh kien tinh dak lak"},{"c":"Xã Xuân Thọ","p":"Tỉnh Đắk Lắk","a":"xtdl","s":"xa xuan tho tinh dak lak"},{"c":"Xã Xuân Cảnh","p":"Tỉnh Đắk Lắk","a":"xcdl","s":"xa xuan canh tinh dak lak"},{"c":"Xã Xuân Lộc","p":"Tỉnh Đắk Lắk","a":"xldl","s":"xa xuan loc tinh dak lak"},{"c":"Phường Xuân Đài","p":"Tỉnh Đắk Lắk","a":"xddl","s":"phuong xuan dai tinh dak lak"},{"c":"Phường Sông Cầu","p":"Tỉnh Đắk Lắk","a":"scdl","s":"phuong song cau tinh dak lak"},{"c":"Xã Hòa Xuân","p":"Tỉnh Đắk Lắk","a":"hxdl","s":"xa hoa xuan tinh dak lak"},{"c":"Phường Đông Hòa","p":"Tỉnh Đắk Lắk","a":"dhdl","s":"phuong dong hoa tinh dak lak"},{"c":"Phường Hòa Hiệp","p":"Tỉnh Đắk Lắk","a":"hhdl","s":"phuong hoa hiep tinh dak lak"},{"c":"Xã Tuy An Bắc","p":"Tỉnh Đắk Lắk","a":"tabdl","s":"xa tuy an bac tinh dak lak"},{"c":"Xã Tuy An Đông","p":"Tỉnh Đắk Lắk","a":"taddl","s":"xa tuy an dong tinh dak lak"},{"c":"Xã Ô Loan","p":"Tỉnh Đắk Lắk","a":"oldl","s":"xa o loan tinh dak lak"},{"c":"Xã Tuy An Nam","p":"Tỉnh Đắk Lắk","a":"tandl","s":"xa tuy an nam tinh dak lak"},{"c":"Xã Tuy An Tây","p":"Tỉnh Đắk Lắk","a":"tatdl","s":"xa tuy an tay tinh dak lak"},{"c":"Xã Phú Hòa 1","p":"Tỉnh Đắk Lắk","a":"ph1dl","s":"xa phu hoa 1 tinh dak lak"},{"c":"Xã Phú Hòa 2","p":"Tỉnh Đắk Lắk","a":"ph2dl","s":"xa phu hoa 2 tinh dak lak"},{"c":"Xã Tây Hòa","p":"Tỉnh Đắk Lắk","a":"thdl","s":"xa tay hoa tinh dak lak"},{"c":"Xã Hòa Thịnh","p":"Tỉnh Đắk Lắk","a":"htdl","s":"xa hoa thinh tinh dak lak"},{"c":"Xã Hòa Mỹ","p":"Tỉnh Đắk Lắk","a":"hmdl","s":"xa hoa my tinh dak lak"},{"c":"Xã Sơn Thành","p":"Tỉnh Đắk Lắk","a":"stdl","s":"xa son thanh tinh dak lak"},{"c":"Xã Sơn Hòa","p":"Tỉnh Đắk Lắk","a":"shdl","s":"xa son hoa tinh dak lak"},{"c":"Xã Vân Hòa","p":"Tỉnh Đắk Lắk","a":"vhdl","s":"xa van hoa tinh dak lak"},{"c":"Xã Tây Sơn","p":"Tỉnh Đắk Lắk","a":"tsdl","s":"xa tay son tinh dak lak"},{"c":"Xã Suối Trai","p":"Tỉnh Đắk Lắk","a":"stdl","s":"xa suoi trai tinh dak lak"},{"c":"Xã Ea Ly","p":"Tỉnh Đắk Lắk","a":"eldl","s":"xa ea ly tinh dak lak"},{"c":"Xã Ea Bá","p":"Tỉnh Đắk Lắk","a":"ebdl","s":"xa ea ba tinh dak lak"},{"c":"Xã Đức Bình","p":"Tỉnh Đắk Lắk","a":"dbdl","s":"xa duc binh tinh dak lak"},{"c":"Xã Sông Hinh","p":"Tỉnh Đắk Lắk","a":"shdl","s":"xa song hinh tinh dak lak"},{"c":"Xã Xuân Lãnh","p":"Tỉnh Đắk Lắk","a":"xldl","s":"xa xuan lanh tinh dak lak"},{"c":"Xã Phú Mỡ","p":"Tỉnh Đắk Lắk","a":"pmdl","s":"xa phu mo tinh dak lak"},{"c":"Xã Xuân Phước","p":"Tỉnh Đắk Lắk","a":"xpdl","s":"xa xuan phuoc tinh dak lak"},{"c":"Xã Đồng Xuân","p":"Tỉnh Đắk Lắk","a":"dxdl","s":"xa dong xuan tinh dak lak"},{"c":"Phường Xuân Hương - Đà Lạt","p":"Tỉnh Lâm Đồng","a":"xhdlld","s":"phuong xuan huong - da lat tinh lam dong"},{"c":"Phường Cam Ly - Đà Lạt","p":"Tỉnh Lâm Đồng","a":"cldlld","s":"phuong cam ly - da lat tinh lam dong"},{"c":"Phường Lâm Viên - Đà Lạt","p":"Tỉnh Lâm Đồng","a":"lvdlld","s":"phuong lam vien - da lat tinh lam dong"},{"c":"Phường Xuân Trường - Đà Lạt","p":"Tỉnh Lâm Đồng","a":"xtdlld","s":"phuong xuan truong - da lat tinh lam dong"},{"c":"Phường Langbiang - Đà Lạt","p":"Tỉnh Lâm Đồng","a":"ldlld","s":"phuong langbiang - da lat tinh lam dong"},{"c":"Phường 1 Bảo Lộc","p":"Tỉnh Lâm Đồng","a":"1blld","s":"phuong 1 bao loc tinh lam dong"},{"c":"Phường 2 Bảo Lộc","p":"Tỉnh Lâm Đồng","a":"2blld","s":"phuong 2 bao loc tinh lam dong"},{"c":"Phường 3 Bảo Lộc","p":"Tỉnh Lâm Đồng","a":"3blld","s":"phuong 3 bao loc tinh lam dong"},{"c":"Phường B' Lao","p":"Tỉnh Lâm Đồng","a":"blld","s":"phuong b' lao tinh lam dong"},{"c":"Xã Lạc Dương","p":"Tỉnh Lâm Đồng","a":"ldld","s":"xa lac duong tinh lam dong"},{"c":"Xã Đơn Dương","p":"Tỉnh Lâm Đồng","a":"ddld","s":"xa don duong tinh lam dong"},{"c":"Xã Ka Đô","p":"Tỉnh Lâm Đồng","a":"kdld","s":"xa ka do tinh lam dong"},{"c":"Xã Quảng Lập","p":"Tỉnh Lâm Đồng","a":"qlld","s":"xa quang lap tinh lam dong"},{"c":"Xã D'Ran","p":"Tỉnh Lâm Đồng","a":"drld","s":"xa d'ran tinh lam dong"},{"c":"Xã Hiệp Thạnh","p":"Tỉnh Lâm Đồng","a":"htld","s":"xa hiep thanh tinh lam dong"},{"c":"Xã Đức Trọng","p":"Tỉnh Lâm Đồng","a":"dtld","s":"xa duc trong tinh lam dong"},{"c":"Xã Tân Hội","p":"Tỉnh Lâm Đồng","a":"thld","s":"xa tan hoi tinh lam dong"},{"c":"Xã Tà Hine","p":"Tỉnh Lâm Đồng","a":"thld","s":"xa ta hine tinh lam dong"},{"c":"Xã Tà Năng","p":"Tỉnh Lâm Đồng","a":"tnld","s":"xa ta nang tinh lam dong"},{"c":"Xã Đinh Văn - Lâm Hà","p":"Tỉnh Lâm Đồng","a":"dvlhld","s":"xa dinh van - lam ha tinh lam dong"},{"c":"Xã Phú Sơn - Lâm Hà","p":"Tỉnh Lâm Đồng","a":"pslhld","s":"xa phu son - lam ha tinh lam dong"},{"c":"Xã Nam Hà - Lâm Hà","p":"Tỉnh Lâm Đồng","a":"nhlhld","s":"xa nam ha - lam ha tinh lam dong"},{"c":"Xã Nam Ban - Lâm Hà","p":"Tỉnh Lâm Đồng","a":"nblhld","s":"xa nam ban - lam ha tinh lam dong"},{"c":"Xã Tân Hà - Lâm Hà","p":"Tỉnh Lâm Đồng","a":"thlhld","s":"xa tan ha - lam ha tinh lam dong"},{"c":"Xã Phúc Thọ - Lâm Hà","p":"Tỉnh Lâm Đồng","a":"ptlhld","s":"xa phuc tho - lam ha tinh lam dong"},{"c":"Xã Đam Rông 1","p":"Tỉnh Lâm Đồng","a":"dr1ld","s":"xa dam rong 1 tinh lam dong"},{"c":"Xã Đam Rông 2","p":"Tỉnh Lâm Đồng","a":"dr2ld","s":"xa dam rong 2 tinh lam dong"},{"c":"Xã Đam Rông 3","p":"Tỉnh Lâm Đồng","a":"dr3ld","s":"xa dam rong 3 tinh lam dong"},{"c":"Xã Đam Rông 4","p":"Tỉnh Lâm Đồng","a":"dr4ld","s":"xa dam rong 4 tinh lam dong"},{"c":"Xã Di Linh","p":"Tỉnh Lâm Đồng","a":"dlld","s":"xa di linh tinh lam dong"},{"c":"Xã Hoà Ninh","p":"Tỉnh Lâm Đồng","a":"hnld","s":"xa hoa ninh tinh lam dong"},{"c":"Xã Hoà Bắc","p":"Tỉnh Lâm Đồng","a":"hbld","s":"xa hoa bac tinh lam dong"},{"c":"Xã Đinh Trang Thượng","p":"Tỉnh Lâm Đồng","a":"dttld","s":"xa dinh trang thuong tinh lam dong"},{"c":"Xã Bảo Thuận","p":"Tỉnh Lâm Đồng","a":"btld","s":"xa bao thuan tinh lam dong"},{"c":"Xã Sơn Điền","p":"Tỉnh Lâm Đồng","a":"sdld","s":"xa son dien tinh lam dong"},{"c":"Xã Gia Hiệp","p":"Tỉnh Lâm Đồng","a":"ghld","s":"xa gia hiep tinh lam dong"},{"c":"Xã Bảo Lâm 1","p":"Tỉnh Lâm Đồng","a":"bl1ld","s":"xa bao lam 1 tinh lam dong"},{"c":"Xã Bảo Lâm 2","p":"Tỉnh Lâm Đồng","a":"bl2ld","s":"xa bao lam 2 tinh lam dong"},{"c":"Xã Bảo Lâm 3","p":"Tỉnh Lâm Đồng","a":"bl3ld","s":"xa bao lam 3 tinh lam dong"},{"c":"Xã Bảo Lâm 4","p":"Tỉnh Lâm Đồng","a":"bl4ld","s":"xa bao lam 4 tinh lam dong"},{"c":"Xã Bảo Lâm 5","p":"Tỉnh Lâm Đồng","a":"bl5ld","s":"xa bao lam 5 tinh lam dong"},{"c":"Xã Đạ Huoai","p":"Tỉnh Lâm Đồng","a":"dhld","s":"xa da huoai tinh lam dong"},{"c":"Xã Đạ Huoai 2","p":"Tỉnh Lâm Đồng","a":"dh2ld","s":"xa da huoai 2 tinh lam dong"},{"c":"Xã Đạ Huoai 3","p":"Tỉnh Lâm Đồng","a":"dh3ld","s":"xa da huoai 3 tinh lam dong"},{"c":"Xã Đạ Tẻh","p":"Tỉnh Lâm Đồng","a":"dtld","s":"xa da teh tinh lam dong"},{"c":"Xã Đạ Tẻh 2","p":"Tỉnh Lâm Đồng","a":"dt2ld","s":"xa da teh 2 tinh lam dong"},{"c":"Xã Đạ Tẻh 3","p":"Tỉnh Lâm Đồng","a":"dt3ld","s":"xa da teh 3 tinh lam dong"},{"c":"Xã Cát Tiên","p":"Tỉnh Lâm Đồng","a":"ctld","s":"xa cat tien tinh lam dong"},{"c":"Xã Cát Tiên 2","p":"Tỉnh Lâm Đồng","a":"ct2ld","s":"xa cat tien 2 tinh lam dong"},{"c":"Xã Cát Tiên 3","p":"Tỉnh Lâm Đồng","a":"ct3ld","s":"xa cat tien 3 tinh lam dong"},{"c":"Phường Hàm Thắng","p":"Tỉnh Lâm Đồng","a":"htld","s":"phuong ham thang tinh lam dong"},{"c":"Phường Bình Thuận","p":"Tỉnh Lâm Đồng","a":"btld","s":"phuong binh thuan tinh lam dong"},{"c":"Phường Mũi Né","p":"Tỉnh Lâm Đồng","a":"mnld","s":"phuong mui ne tinh lam dong"},{"c":"Phường Phú Thuỷ","p":"Tỉnh Lâm Đồng","a":"ptld","s":"phuong phu thuy tinh lam dong"},{"c":"Phường Phan Thiết","p":"Tỉnh Lâm Đồng","a":"ptld","s":"phuong phan thiet tinh lam dong"},{"c":"Phường Tiến Thành","p":"Tỉnh Lâm Đồng","a":"ttld","s":"phuong tien thanh tinh lam dong"},{"c":"Phường La Gi","p":"Tỉnh Lâm Đồng","a":"lgld","s":"phuong la gi tinh lam dong"},{"c":"Phường Phước Hội","p":"Tỉnh Lâm Đồng","a":"phld","s":"phuong phuoc hoi tinh lam dong"},{"c":"Xã Tuyên Quang","p":"Tỉnh Lâm Đồng","a":"tqld","s":"xa tuyen quang tinh lam dong"},{"c":"Xã Tân Hải","p":"Tỉnh Lâm Đồng","a":"thld","s":"xa tan hai tinh lam dong"},{"c":"Xã Vĩnh Hảo","p":"Tỉnh Lâm Đồng","a":"vhld","s":"xa vinh hao tinh lam dong"},{"c":"Xã Liên Hương","p":"Tỉnh Lâm Đồng","a":"lhld","s":"xa lien huong tinh lam dong"},{"c":"Xã Tuy Phong","p":"Tỉnh Lâm Đồng","a":"tpld","s":"xa tuy phong tinh lam dong"},{"c":"Xã Phan Rí Cửa","p":"Tỉnh Lâm Đồng","a":"prcld","s":"xa phan ri cua tinh lam dong"},{"c":"Xã Bắc Bình","p":"Tỉnh Lâm Đồng","a":"bbld","s":"xa bac binh tinh lam dong"},{"c":"Xã Hồng Thái","p":"Tỉnh Lâm Đồng","a":"htld","s":"xa hong thai tinh lam dong"},{"c":"Xã Hải Ninh","p":"Tỉnh Lâm Đồng","a":"hnld","s":"xa hai ninh tinh lam dong"},{"c":"Xã Phan Sơn","p":"Tỉnh Lâm Đồng","a":"psld","s":"xa phan son tinh lam dong"},{"c":"Xã Sông Lũy","p":"Tỉnh Lâm Đồng","a":"slld","s":"xa song luy tinh lam dong"},{"c":"Xã Lương Sơn","p":"Tỉnh Lâm Đồng","a":"lsld","s":"xa luong son tinh lam dong"},{"c":"Xã Hoà Thắng","p":"Tỉnh Lâm Đồng","a":"htld","s":"xa hoa thang tinh lam dong"},{"c":"Xã Đông Giang","p":"Tỉnh Lâm Đồng","a":"dgld","s":"xa dong giang tinh lam dong"},{"c":"Xã La Dạ","p":"Tỉnh Lâm Đồng","a":"ldld","s":"xa la da tinh lam dong"},{"c":"Xã Hàm Thuận Bắc","p":"Tỉnh Lâm Đồng","a":"htbld","s":"xa ham thuan bac tinh lam dong"},{"c":"Xã Hàm Thuận","p":"Tỉnh Lâm Đồng","a":"htld","s":"xa ham thuan tinh lam dong"},{"c":"Xã Hồng Sơn","p":"Tỉnh Lâm Đồng","a":"hsld","s":"xa hong son tinh lam dong"},{"c":"Xã Hàm Liêm","p":"Tỉnh Lâm Đồng","a":"hlld","s":"xa ham liem tinh lam dong"},{"c":"Xã Hàm Thạnh","p":"Tỉnh Lâm Đồng","a":"htld","s":"xa ham thanh tinh lam dong"},{"c":"Xã Hàm Kiệm","p":"Tỉnh Lâm Đồng","a":"hkld","s":"xa ham kiem tinh lam dong"},{"c":"Xã Tân Thành","p":"Tỉnh Lâm Đồng","a":"ttld","s":"xa tan thanh tinh lam dong"},{"c":"Xã Hàm Thuận Nam","p":"Tỉnh Lâm Đồng","a":"htnld","s":"xa ham thuan nam tinh lam dong"},{"c":"Xã Tân Lập","p":"Tỉnh Lâm Đồng","a":"tlld","s":"xa tan lap tinh lam dong"},{"c":"Xã Tân Minh","p":"Tỉnh Lâm Đồng","a":"tmld","s":"xa tan minh tinh lam dong"},{"c":"Xã Hàm Tân","p":"Tỉnh Lâm Đồng","a":"htld","s":"xa ham tan tinh lam dong"},{"c":"Xã Sơn Mỹ","p":"Tỉnh Lâm Đồng","a":"smld","s":"xa son my tinh lam dong"},{"c":"Xã Bắc Ruộng","p":"Tỉnh Lâm Đồng","a":"brld","s":"xa bac ruong tinh lam dong"},{"c":"Xã Nghị Đức","p":"Tỉnh Lâm Đồng","a":"ndld","s":"xa nghi duc tinh lam dong"},{"c":"Xã Đồng Kho","p":"Tỉnh Lâm Đồng","a":"dkld","s":"xa dong kho tinh lam dong"},{"c":"Xã Tánh Linh","p":"Tỉnh Lâm Đồng","a":"tlld","s":"xa tanh linh tinh lam dong"},{"c":"Xã Suối Kiết","p":"Tỉnh Lâm Đồng","a":"skld","s":"xa suoi kiet tinh lam dong"},{"c":"Xã Nam Thành","p":"Tỉnh Lâm Đồng","a":"ntld","s":"xa nam thanh tinh lam dong"},{"c":"Xã Đức Linh","p":"Tỉnh Lâm Đồng","a":"dlld","s":"xa duc linh tinh lam dong"},{"c":"Xã Hoài Đức","p":"Tỉnh Lâm Đồng","a":"hdld","s":"xa hoai duc tinh lam dong"},{"c":"Xã Trà Tân","p":"Tỉnh Lâm Đồng","a":"ttld","s":"xa tra tan tinh lam dong"},{"c":"Đặc khu Phú Quý","p":"Tỉnh Lâm Đồng","a":"pqld","s":"dac khu phu quy tinh lam dong"},{"c":"Phường Bắc Gia Nghĩa","p":"Tỉnh Lâm Đồng","a":"bgnld","s":"phuong bac gia nghia tinh lam dong"},{"c":"Phường Nam Gia Nghĩa","p":"Tỉnh Lâm Đồng","a":"ngnld","s":"phuong nam gia nghia tinh lam dong"},{"c":"Phường Đông Gia Nghĩa","p":"Tỉnh Lâm Đồng","a":"dgnld","s":"phuong dong gia nghia tinh lam dong"},{"c":"Xã Đắk Wil","p":"Tỉnh Lâm Đồng","a":"dwld","s":"xa dak wil tinh lam dong"},{"c":"Xã Nam Dong","p":"Tỉnh Lâm Đồng","a":"ndld","s":"xa nam dong tinh lam dong"},{"c":"Xã Cư Jút","p":"Tỉnh Lâm Đồng","a":"cjld","s":"xa cu jut tinh lam dong"},{"c":"Xã Thuận An","p":"Tỉnh Lâm Đồng","a":"tald","s":"xa thuan an tinh lam dong"},{"c":"Xã Đức Lập","p":"Tỉnh Lâm Đồng","a":"dlld","s":"xa duc lap tinh lam dong"},{"c":"Xã Đắk Mil","p":"Tỉnh Lâm Đồng","a":"dmld","s":"xa dak mil tinh lam dong"},{"c":"Xã Đắk Sắk","p":"Tỉnh Lâm Đồng","a":"dsld","s":"xa dak sak tinh lam dong"},{"c":"Xã Nam Đà","p":"Tỉnh Lâm Đồng","a":"ndld","s":"xa nam da tinh lam dong"},{"c":"Xã Krông Nô","p":"Tỉnh Lâm Đồng","a":"knld","s":"xa krong no tinh lam dong"},{"c":"Xã Nâm Nung","p":"Tỉnh Lâm Đồng","a":"nnld","s":"xa nam nung tinh lam dong"},{"c":"Xã Quảng Phú","p":"Tỉnh Lâm Đồng","a":"qpld","s":"xa quang phu tinh lam dong"},{"c":"Xã Đắk song","p":"Tỉnh Lâm Đồng","a":"dsld","s":"xa dak song tinh lam dong"},{"c":"Xã Đức An","p":"Tỉnh Lâm Đồng","a":"dald","s":"xa duc an tinh lam dong"},{"c":"Xã Thuận Hạnh","p":"Tỉnh Lâm Đồng","a":"thld","s":"xa thuan hanh tinh lam dong"},{"c":"Xã Trường Xuân","p":"Tỉnh Lâm Đồng","a":"txld","s":"xa truong xuan tinh lam dong"},{"c":"Xã Tà Đùng","p":"Tỉnh Lâm Đồng","a":"tdld","s":"xa ta dung tinh lam dong"},{"c":"Xã Quảng Khê","p":"Tỉnh Lâm Đồng","a":"qkld","s":"xa quang khe tinh lam dong"},{"c":"Xã Quảng Tân","p":"Tỉnh Lâm Đồng","a":"qtld","s":"xa quang tan tinh lam dong"},{"c":"Xã Tuy Đức","p":"Tỉnh Lâm Đồng","a":"tdld","s":"xa tuy duc tinh lam dong"},{"c":"Xã Kiến Đức","p":"Tỉnh Lâm Đồng","a":"kdld","s":"xa kien duc tinh lam dong"},{"c":"Xã Nhân Cơ","p":"Tỉnh Lâm Đồng","a":"ncld","s":"xa nhan co tinh lam dong"},{"c":"Xã Quảng Tín","p":"Tỉnh Lâm Đồng","a":"qtld","s":"xa quang tin tinh lam dong"},{"c":"Xã Ninh Gia","p":"Tỉnh Lâm Đồng","a":"ngld","s":"xa ninh gia tinh lam dong"},{"c":"Xã Quảng Hoà","p":"Tỉnh Lâm Đồng","a":"qhld","s":"xa quang hoa tinh lam dong"},{"c":"Xã Quảng Sơn","p":"Tỉnh Lâm Đồng","a":"qsld","s":"xa quang son tinh lam dong"},{"c":"Xã Quảng Trực","p":"Tỉnh Lâm Đồng","a":"qtld","s":"xa quang truc tinh lam dong"}]